Country,Year,0
Australia,1800,1
Australia,1801,1
Australia,1802,1
Australia,1803,1
Australia,1804,1
Australia,1805,1
Australia,1806,1
Australia,1807,1
Australia,1808,1
Australia,1809,1
Australia,1810,1
Australia,1811,1
Australia,1812,1
Australia,1813,1
Australia,1814,1
Australia,1815,1
Australia,1816,1
Australia,1817,1
Australia,1818,1
Australia,1819,1
Australia,1820,1
Australia,1821,1
Australia,1822,1
Australia,1823,1
Australia,1824,1
Australia,1825,1
Australia,1826,1
Australia,1827,1
Australia,1828,1
Australia,1829,1
Australia,1830,1
Australia,1831,1
Australia,1832,1
Australia,1833,1
Australia,1834,1
Australia,1835,1
Australia,1836,1
Australia,1837,1
Australia,1838,1
Australia,1839,1
Australia,1840,1
Australia,1841,1
Australia,1842,1
Australia,1843,1
Australia,1844,1
Australia,1845,1
Australia,1846,1
Australia,1847,1
Australia,1848,1
Australia,1849,1
Australia,1850,1
Australia,1851,1
Australia,1852,1
Australia,1853,1
Australia,1854,1
Australia,1855,1
Australia,1856,1
Australia,1857,1
Australia,1858,1
Australia,1859,1
Australia,1860,1
Australia,1861,1
Australia,1862,1
Australia,1863,1
Australia,1864,1
Australia,1865,1
Australia,1866,1
Australia,1867,1
Australia,1868,1
Australia,1869,1
Australia,1870,1
Australia,1871,1
Australia,1872,1
Australia,1873,1
Australia,1874,1
Australia,1875,1
Australia,1876,1
Australia,1877,1
Australia,1878,1
Australia,1879,1
Australia,1880,1
Australia,1881,1
Australia,1882,1
Australia,1883,1
Australia,1884,1
Australia,1885,1
Australia,1886,1
Australia,1887,1
Australia,1888,1
Australia,1889,1
Australia,1890,1
Australia,1891,1
Australia,1892,1
Australia,1893,1
Australia,1894,1
Australia,1895,1
Australia,1896,1
Australia,1897,1
Australia,1898,1
Australia,1899,1
Australia,1900,1
Australia,1901,1
Australia,1902,1
Australia,1903,1
Australia,1904,1
Australia,1905,1
Australia,1906,1
Australia,1907,1
Australia,1908,1
Australia,1909,1
Australia,1910,1
Australia,1911,1
Australia,1912,1
Austria,1800,1
Austria,1801,1
Austria,1802,1
Austria,1803,1
Austria,1804,1
Austria,1805,1
Austria,1806,1
Austria,1807,1
Austria,1808,1
Austria,1809,1
Austria,1810,1
Austria,1811,1
Austria,1812,1
Austria,1813,1
Austria,1814,1
Austria,1815,1
Austria,1816,1
Austria,1817,1
Austria,1818,1
Austria,1819,1
Austria,1820,1
Austria,1821,1
Austria,1822,1
Austria,1823,1
Austria,1824,1
Austria,1825,1
Austria,1826,1
Austria,1827,1
Austria,1828,1
Austria,1829,1
Austria,1830,1
Austria,1831,1
Austria,1832,1
Austria,1833,1
Austria,1834,1
Austria,1835,1
Austria,1836,1
Austria,1837,1
Austria,1838,1
Austria,1839,1
Austria,1840,1
Austria,1841,1
Austria,1842,1
Austria,1843,1
Austria,1844,1
Austria,1845,1
Austria,1846,1
Austria,1847,1
Austria,1848,1
Austria,1849,1
Austria,1850,1
Austria,1851,1
Austria,1852,1
Austria,1853,1
Austria,1854,1
Austria,1855,1
Austria,1856,1
Austria,1857,1
Austria,1858,1
Austria,1859,1
Austria,1860,1
Austria,1861,1
Austria,1862,1
Austria,1863,1
Austria,1864,1
Austria,1865,1
Austria,1866,1
Austria,1867,1
Austria,1868,1
Austria,1869,1
Austria,1870,1
Austria,1871,1
Austria,1872,1
Austria,1873,1
Austria,1874,1
Austria,1875,1
Austria,1876,1
Austria,1877,1
Austria,1878,1
Austria,1879,1
Austria,1913,1
Austria,1914,1
Austria,1915,1
Austria,1916,1
Austria,1917,1
Austria,1918,1
Austria,1919,1
Austria,1920,1
Austria,1921,1
Austria,1922,1
Austria,1923,1
Austria,1938,1
Austria,1939,1
Austria,1940,1
Austria,1941,1
Austria,1942,1
Austria,1943,1
Austria,1944,1
Austria,1945,1
Austria,1946,1
Austria,1947,1
Belgium,1800,1
Belgium,1801,1
Belgium,1802,1
Belgium,1803,1
Belgium,1804,1
Belgium,1805,1
Belgium,1806,1
Belgium,1807,1
Belgium,1808,1
Belgium,1809,1
Belgium,1810,1
Belgium,1811,1
Belgium,1812,1
Belgium,1813,1
Belgium,1814,1
Belgium,1815,1
Belgium,1816,1
Belgium,1817,1
Belgium,1818,1
Belgium,1819,1
Belgium,1820,1
Belgium,1821,1
Belgium,1822,1
Belgium,1823,1
Belgium,1824,1
Belgium,1825,1
Belgium,1826,1
Belgium,1827,1
Belgium,1828,1
Belgium,1829,1
Belgium,1830,1
Belgium,1831,1
Belgium,1832,1
Belgium,1833,1
Belgium,1834,1
Belgium,1835,1
Belgium,1836,1
Belgium,1837,1
Belgium,1838,1
Belgium,1839,1
Belgium,1840,1
Belgium,1841,1
Belgium,1842,1
Belgium,1843,1
Belgium,1844,1
Belgium,1845,1
Belgium,1846,1
Belgium,1847,1
Belgium,1848,1
Belgium,1849,1
Belgium,1850,1
Belgium,1851,1
Belgium,1852,1
Belgium,1853,1
Belgium,1854,1
Belgium,1855,1
Belgium,1856,1
Belgium,1857,1
Belgium,1858,1
Belgium,1859,1
Belgium,1860,1
Belgium,1861,1
Belgium,1862,1
Belgium,1863,1
Belgium,1864,1
Belgium,1865,1
Belgium,1866,1
Belgium,1867,1
Belgium,1868,1
Belgium,1869,1
Belgium,1870,1
Belgium,1871,1
Belgium,1872,1
Belgium,1873,1
Belgium,1874,1
Belgium,1875,1
Belgium,1876,1
Belgium,1877,1
Belgium,1878,1
Belgium,1879,1
Belgium,1914,1
Belgium,1915,1
Belgium,1916,1
Belgium,1917,1
Belgium,1918,1
Belgium,1919,1
Belgium,1920,1
Belgium,1921,1
Belgium,1922,1
Belgium,1923,1
Belgium,1924,1
Belgium,1925,1
Belgium,1926,1
Belgium,1928,1
Belgium,1929,1
Belgium,1931,1
Belgium,1932,1
Belgium,1940,1
Belgium,1941,1
Belgium,1942,1
Belgium,1944,1
Belgium,1945,1
Belgium,1946,1
Belgium,1947,1
Belgium,1948,1
Brazil,1800,1
Brazil,1801,1
Brazil,1802,1
Brazil,1803,1
Brazil,1804,1
Brazil,1805,1
Brazil,1806,1
Brazil,1807,1
Brazil,1808,1
Brazil,1809,1
Brazil,1810,1
Brazil,1811,1
Brazil,1812,1
Brazil,1813,1
Brazil,1814,1
Brazil,1815,1
Brazil,1816,1
Brazil,1817,1
Brazil,1818,1
Brazil,1819,1
Brazil,1820,1
Brazil,1821,1
Brazil,1822,1
Brazil,1823,1
Brazil,1824,1
Brazil,1825,1
Brazil,1826,1
Brazil,1827,1
Brazil,1828,1
Brazil,1829,1
Brazil,1830,1
Brazil,1831,1
Brazil,1832,1
Brazil,1833,1
Brazil,1834,1
Brazil,1835,1
Brazil,1836,1
Brazil,1837,1
Brazil,1838,1
Brazil,1839,1
Brazil,1840,1
Brazil,1841,1
Brazil,1842,1
Brazil,1843,1
Brazil,1844,1
Brazil,1845,1
Brazil,1846,1
Brazil,1847,1
Brazil,1848,1
Brazil,1849,1
Brazil,1850,1
Brazil,1851,1
Brazil,1852,1
Brazil,1853,1
Brazil,1854,1
Brazil,1855,1
Brazil,1856,1
Brazil,1857,1
Brazil,1858,1
Brazil,1859,1
Brazil,1860,1
Brazil,1861,1
Brazil,1862,1
Brazil,1863,1
Brazil,1864,1
Brazil,1865,1
Brazil,1866,1
Brazil,1867,1
Brazil,1868,1
Brazil,1869,1
Brazil,1870,1
Brazil,1871,1
Brazil,1872,1
Brazil,1873,1
Brazil,1874,1
Brazil,1875,1
Brazil,1876,1
Brazil,1877,1
Brazil,1878,1
Brazil,1879,1
Brazil,1880,1
Brazil,1914,1
Brazil,1915,1
Brazil,1916,1
Brazil,1917,1
Brazil,1918,1
Brazil,1919,1
Brazil,1920,1
Brazil,1921,1
Brazil,1922,1
Brazil,1923,1
Brazil,1924,1
Brazil,1925,1
Brazil,1926,1
Brazil,1927,1
Brazil,1934,1
Brazil,1935,1
Brazil,1936,1
Brazil,1937,1
Brazil,1938,1
Brazil,1939,1
Brazil,1940,1
Brazil,1944,1
Brazil,1945,1
Brazil,1946,1
Brazil,1947,1
Brazil,1948,1
Brazil,1949,1
Brazil,1950,1
Brazil,1951,1
Brazil,1952,1
Brazil,1954,1
Brazil,1955,1
Brazil,1956,1
Brazil,1957,1
Brazil,1959,1
Brazil,1960,1
Brazil,1961,1
Brazil,1962,1
Brazil,1963,1
Brazil,1964,1
Brazil,1987,1
Brazil,1988,1
Brazil,1989,1
Brazil,1990,1
Brazil,1991,1
Brazil,1992,1
Brazil,1993,1
Brazil,1994,1
Brazil,1995,1
Canada,1800,1
Canada,1801,1
Canada,1802,1
Canada,1803,1
Canada,1804,1
Canada,1805,1
Canada,1806,1
Canada,1807,1
Canada,1808,1
Canada,1809,1
Canada,1810,1
Canada,1811,1
Canada,1812,1
Canada,1813,1
Canada,1814,1
Canada,1815,1
Canada,1816,1
Canada,1817,1
Canada,1818,1
Canada,1819,1
Canada,1820,1
Canada,1821,1
Canada,1822,1
Canada,1823,1
Canada,1824,1
Canada,1825,1
Canada,1826,1
Canada,1827,1
Canada,1828,1
Canada,1829,1
Canada,1830,1
Canada,1831,1
Canada,1832,1
Canada,1833,1
Canada,1834,1
Canada,1835,1
Canada,1836,1
Canada,1837,1
Canada,1838,1
Canada,1839,1
Canada,1840,1
Canada,1841,1
Canada,1842,1
Canada,1843,1
Canada,1844,1
Canada,1845,1
Canada,1846,1
Canada,1847,1
Canada,1848,1
Canada,1849,1
Canada,1850,1
Canada,1851,1
Canada,1852,1
Canada,1853,1
Canada,1854,1
Canada,1855,1
Canada,1856,1
Canada,1857,1
Canada,1858,1
Canada,1859,1
Canada,1860,1
Canada,1861,1
Canada,1862,1
Canada,1863,1
Canada,1864,1
Canada,1865,1
Canada,1866,1
Canada,1867,1
Canada,1868,1
Canada,1869,1
Chile,1800,1
Chile,1801,1
Chile,1802,1
Chile,1803,1
Chile,1804,1
Chile,1805,1
Chile,1806,1
Chile,1807,1
Chile,1808,1
Chile,1809,1
Chile,1810,1
Chile,1811,1
Chile,1812,1
Chile,1813,1
Chile,1814,1
Chile,1815,1
Chile,1816,1
Chile,1817,1
Chile,1818,1
Chile,1819,1
Chile,1820,1
Chile,1821,1
Chile,1822,1
Chile,1823,1
Chile,1824,1
Chile,1825,1
Chile,1826,1
Chile,1827,1
Chile,1828,1
Chile,1829,1
Chile,1830,1
Chile,1831,1
Chile,1832,1
Chile,1833,1
Chile,1834,1
Chile,1835,1
Chile,1836,1
Chile,1837,1
Chile,1838,1
Chile,1839,1
Chile,1840,1
Chile,1841,1
Chile,1842,1
Chile,1843,1
Chile,1844,1
Chile,1845,1
Chile,1846,1
Chile,1847,1
Chile,1848,1
Chile,1849,1
Chile,1850,1
Chile,1851,1
Chile,1852,1
Chile,1853,1
Chile,1854,1
Chile,1855,1
Chile,1856,1
Chile,1857,1
Chile,1858,1
Chile,1859,1
Chile,1860,1
Chile,1861,1
Chile,1862,1
Chile,1863,1
Chile,1864,1
Chile,1865,1
Chile,1866,1
Chile,1867,1
Chile,1868,1
Chile,1869,1
Chile,1870,1
Chile,1871,1
Chile,1872,1
Chile,1873,1
Chile,1874,1
Chile,1875,1
Chile,1876,1
Chile,1877,1
Chile,1878,1
Chile,1879,1
Chile,1880,1
Chile,1881,1
Chile,1882,1
Chile,1883,1
Chile,1884,1
Chile,1885,1
Chile,1886,1
Chile,1887,1
Chile,1888,1
Chile,1889,1
Chile,1890,1
Chile,1891,1
Chile,1892,1
Chile,1893,1
Chile,1894,1
Chile,1895,1
Chile,1896,1
Chile,1897,1
Chile,1898,1
Chile,1899,1
Chile,1900,1
Chile,1901,1
Chile,1902,1
Chile,1903,1
Chile,1904,1
Chile,1905,1
Chile,1906,1
Chile,1907,1
Chile,1908,1
Chile,1909,1
Chile,1910,1
Chile,1911,1
Chile,1912,1
Chile,1913,1
Chile,1914,1
Chile,1915,1
Chile,1916,1
Chile,1917,1
Chile,1918,1
Chile,1919,1
Chile,1920,1
Chile,1921,1
Chile,1922,1
Chile,1923,1
Chile,1924,1
Chile,1925,1
Chile,1926,1
Chile,1927,1
Chile,1928,1
Chile,1929,1
Chile,1930,1
Chile,1931,1
Chile,1932,1
Chile,1933,1
Chile,1934,1
Chile,1935,1
Chile,1936,1
Chile,1937,1
Chile,1938,1
Chile,1939,1
Chile,1944,1
Chile,1945,1
Chile,1946,1
Chile,1947,1
Chile,1948,1
Chile,1949,1
Chile,1950,1
Chile,1951,1
Chile,1952,1
Chile,1953,1
Chile,1954,1
Chile,1955,1
Chile,1956,1
Chile,1957,1
Chile,1958,1
Chile,1959,1
Chile,1960,1
Chile,1961,1
Chile,1962,1
Chile,1963,1
Chile,1964,1
Chile,1965,1
Chile,1966,1
Chile,1967,1
Chile,1968,1
Chile,1969,1
Chile,1970,1
Chile,1971,1
Chile,1972,1
Chile,1973,1
China (People's Republic of),1800,1
China (People's Republic of),1801,1
China (People's Republic of),1802,1
China (People's Republic of),1803,1
China (People's Republic of),1804,1
China (People's Republic of),1805,1
China (People's Republic of),1806,1
China (People's Republic of),1807,1
China (People's Republic of),1808,1
China (People's Republic of),1809,1
China (People's Republic of),1810,1
China (People's Republic of),1811,1
China (People's Republic of),1812,1
China (People's Republic of),1813,1
China (People's Republic of),1814,1
China (People's Republic of),1815,1
China (People's Republic of),1816,1
China (People's Republic of),1817,1
China (People's Republic of),1818,1
China (People's Republic of),1819,1
China (People's Republic of),1820,1
China (People's Republic of),1821,1
China (People's Republic of),1822,1
China (People's Republic of),1823,1
China (People's Republic of),1824,1
China (People's Republic of),1825,1
China (People's Republic of),1826,1
China (People's Republic of),1827,1
China (People's Republic of),1828,1
China (People's Republic of),1829,1
China (People's Republic of),1830,1
China (People's Republic of),1831,1
China (People's Republic of),1832,1
China (People's Republic of),1833,1
China (People's Republic of),1834,1
China (People's Republic of),1835,1
China (People's Republic of),1836,1
China (People's Republic of),1837,1
China (People's Republic of),1838,1
China (People's Republic of),1839,1
China (People's Republic of),1840,1
China (People's Republic of),1841,1
China (People's Republic of),1842,1
China (People's Republic of),1843,1
China (People's Republic of),1844,1
China (People's Republic of),1845,1
China (People's Republic of),1846,1
China (People's Republic of),1847,1
China (People's Republic of),1848,1
China (People's Republic of),1849,1
China (People's Republic of),1850,1
China (People's Republic of),1851,1
China (People's Republic of),1852,1
China (People's Republic of),1853,1
China (People's Republic of),1854,1
China (People's Republic of),1855,1
China (People's Republic of),1856,1
China (People's Republic of),1857,1
China (People's Republic of),1858,1
China (People's Republic of),1859,1
China (People's Republic of),1860,1
China (People's Republic of),1861,1
China (People's Republic of),1862,1
China (People's Republic of),1863,1
China (People's Republic of),1864,1
China (People's Republic of),1865,1
China (People's Republic of),1866,1
China (People's Republic of),1867,1
China (People's Republic of),1868,1
China (People's Republic of),1869,1
China (People's Republic of),1870,1
China (People's Republic of),1871,1
China (People's Republic of),1872,1
China (People's Republic of),1873,1
China (People's Republic of),1874,1
China (People's Republic of),1875,1
China (People's Republic of),1876,1
China (People's Republic of),1877,1
China (People's Republic of),1878,1
China (People's Republic of),1879,1
China (People's Republic of),1880,1
China (People's Republic of),1881,1
China (People's Republic of),1882,1
China (People's Republic of),1883,1
China (People's Republic of),1884,1
China (People's Republic of),1885,1
China (People's Republic of),1886,1
China (People's Republic of),1887,1
China (People's Republic of),1888,1
China (People's Republic of),1889,1
China (People's Republic of),1890,1
China (People's Republic of),1891,1
China (People's Republic of),1892,1
China (People's Republic of),1893,1
China (People's Republic of),1894,1
China (People's Republic of),1895,1
China (People's Republic of),1896,1
China (People's Republic of),1897,1
China (People's Republic of),1898,1
China (People's Republic of),1899,1
China (People's Republic of),1900,1
China (People's Republic of),1901,1
China (People's Republic of),1902,1
China (People's Republic of),1903,1
China (People's Republic of),1904,1
China (People's Republic of),1905,1
China (People's Republic of),1906,1
China (People's Republic of),1907,1
China (People's Republic of),1908,1
China (People's Republic of),1909,1
China (People's Republic of),1910,1
China (People's Republic of),1911,1
China (People's Republic of),1912,1
China (People's Republic of),1913,1
China (People's Republic of),1914,1
China (People's Republic of),1915,1
China (People's Republic of),1916,1
China (People's Republic of),1917,1
China (People's Republic of),1918,1
China (People's Republic of),1919,1
China (People's Republic of),1920,1
China (People's Republic of),1921,1
China (People's Republic of),1922,1
China (People's Republic of),1923,1
China (People's Republic of),1924,1
China (People's Republic of),1925,1
China (People's Republic of),1926,1
China (People's Republic of),1927,1
China (People's Republic of),1928,1
China (People's Republic of),1929,1
China (People's Republic of),1930,1
China (People's Republic of),1931,1
China (People's Republic of),1932,1
China (People's Republic of),1933,1
China (People's Republic of),1934,1
China (People's Republic of),1935,1
China (People's Republic of),1936,1
China (People's Republic of),1937,1
China (People's Republic of),1938,1
China (People's Republic of),1939,1
China (People's Republic of),1940,1
China (People's Republic of),1941,1
China (People's Republic of),1942,1
China (People's Republic of),1943,1
China (People's Republic of),1944,1
China (People's Republic of),1945,1
China (People's Republic of),1946,1
China (People's Republic of),1947,1
China (People's Republic of),1948,1
China (People's Republic of),1949,1
China (People's Republic of),1950,1
China (People's Republic of),1951,1
China (People's Republic of),1952,1
China (People's Republic of),1953,1
China (People's Republic of),1954,1
China (People's Republic of),1955,1
China (People's Republic of),1956,1
China (People's Republic of),1957,1
China (People's Republic of),1958,1
China (People's Republic of),1959,1
China (People's Republic of),1960,1
China (People's Republic of),1961,1
China (People's Republic of),1962,1
China (People's Republic of),1963,1
China (People's Republic of),1964,1
China (People's Republic of),1965,1
China (People's Republic of),1966,1
China (People's Republic of),1967,1
China (People's Republic of),1968,1
China (People's Republic of),1969,1
China (People's Republic of),1970,1
China (People's Republic of),1971,1
China (People's Republic of),1972,1
China (People's Republic of),1973,1
China (People's Republic of),1974,1
China (People's Republic of),1975,1
China (People's Republic of),1976,1
China (People's Republic of),1977,1
China (People's Republic of),1978,1
China (People's Republic of),1979,1
China (People's Republic of),1980,1
China (People's Republic of),1981,1
China (People's Republic of),1982,1
China (People's Republic of),1983,1
China (People's Republic of),1984,1
China (People's Republic of),1985,1
China (People's Republic of),1986,1
China (People's Republic of),1987,1
China (People's Republic of),1988,1
Denmark,1800,1
Denmark,1801,1
Denmark,1802,1
Denmark,1803,1
Denmark,1804,1
Denmark,1805,1
Denmark,1806,1
Denmark,1807,1
Denmark,1808,1
Denmark,1809,1
Denmark,1810,1
Denmark,1811,1
Denmark,1812,1
Denmark,1813,1
Denmark,1814,1
Denmark,1815,1
Denmark,1816,1
Denmark,1817,1
Denmark,1818,1
Denmark,1819,1
Denmark,1820,1
Denmark,1821,1
Denmark,1822,1
Denmark,1823,1
Denmark,1824,1
Denmark,1825,1
Denmark,1826,1
Denmark,1827,1
Denmark,1828,1
Denmark,1829,1
Denmark,1830,1
Denmark,1831,1
Denmark,1832,1
Denmark,1833,1
Denmark,1834,1
Denmark,1835,1
Denmark,1836,1
Denmark,1837,1
Denmark,1838,1
Denmark,1839,1
Denmark,1840,1
Denmark,1841,1
Denmark,1842,1
Denmark,1843,1
Denmark,1844,1
Denmark,1845,1
Denmark,1846,1
Denmark,1847,1
Denmark,1848,1
Denmark,1849,1
Denmark,1850,1
Denmark,1851,1
Denmark,1852,1
Denmark,1853,1
Denmark,1854,1
Denmark,1855,1
Denmark,1856,1
Denmark,1857,1
Denmark,1858,1
Denmark,1859,1
Denmark,1860,1
Denmark,1861,1
Denmark,1862,1
Denmark,1863,1
Denmark,1864,1
Denmark,1865,1
Denmark,1866,1
Denmark,1867,1
Denmark,1868,1
Denmark,1869,1
Denmark,1870,1
Denmark,1871,1
Denmark,1872,1
Denmark,1873,1
Denmark,1874,1
Denmark,1875,1
Denmark,1876,1
Denmark,1877,1
Denmark,1878,1
Denmark,1879,1
Denmark,1946,1
Denmark,1947,1
Denmark,1948,1
Denmark,1949,1
Denmark,1950,1
Denmark,1951,1
Denmark,1952,1
Denmark,1953,1
Finland,1800,1
Finland,1801,1
Finland,1802,1
Finland,1803,1
Finland,1804,1
Finland,1805,1
Finland,1806,1
Finland,1807,1
Finland,1808,1
Finland,1809,1
Finland,1810,1
Finland,1811,1
Finland,1812,1
Finland,1813,1
Finland,1814,1
Finland,1815,1
Finland,1816,1
Finland,1817,1
Finland,1818,1
Finland,1819,1
Finland,1820,1
Finland,1821,1
Finland,1822,1
Finland,1823,1
Finland,1824,1
Finland,1825,1
Finland,1826,1
Finland,1827,1
Finland,1828,1
Finland,1829,1
Finland,1830,1
Finland,1831,1
Finland,1832,1
Finland,1833,1
Finland,1834,1
Finland,1835,1
Finland,1836,1
Finland,1837,1
Finland,1838,1
Finland,1839,1
Finland,1840,1
Finland,1841,1
Finland,1842,1
Finland,1843,1
Finland,1844,1
Finland,1845,1
Finland,1846,1
Finland,1847,1
Finland,1848,1
Finland,1849,1
Finland,1850,1
Finland,1851,1
Finland,1852,1
Finland,1853,1
Finland,1854,1
Finland,1855,1
Finland,1856,1
Finland,1857,1
Finland,1858,1
Finland,1859,1
Finland,1860,1
Finland,1861,1
Finland,1862,1
Finland,1863,1
Finland,1864,1
Finland,1865,1
Finland,1866,1
Finland,1867,1
Finland,1868,1
Finland,1869,1
Finland,1870,1
Finland,1871,1
Finland,1872,1
Finland,1873,1
Finland,1874,1
Finland,1875,1
Finland,1876,1
Finland,1877,1
Finland,1878,1
Finland,1879,1
Finland,1880,1
Finland,1881,1
Finland,1882,1
Finland,1883,1
Finland,1884,1
Finland,1885,1
Finland,1886,1
Finland,1887,1
Finland,1888,1
Finland,1889,1
Finland,1890,1
Finland,1891,1
Finland,1892,1
Finland,1893,1
Finland,1894,1
Finland,1895,1
Finland,1896,1
Finland,1897,1
Finland,1898,1
Finland,1899,1
Finland,1900,1
Finland,1901,1
Finland,1902,1
Finland,1903,1
Finland,1904,1
Finland,1905,1
Finland,1906,1
Finland,1907,1
Finland,1908,1
Finland,1909,1
Finland,1910,1
Finland,1911,1
Finland,1912,1
Finland,1913,1
Finland,1914,1
Finland,1915,1
Finland,1916,1
Finland,1917,1
Finland,1946,1
Finland,1947,1
France,1800,1
France,1801,1
France,1802,1
France,1803,1
France,1804,1
France,1805,1
France,1806,1
France,1807,1
France,1808,1
France,1809,1
France,1810,1
France,1811,1
France,1812,1
France,1813,1
France,1814,1
France,1815,1
France,1816,1
France,1817,1
France,1818,1
France,1819,1
France,1820,1
France,1821,1
France,1822,1
France,1823,1
France,1824,1
France,1825,1
France,1826,1
France,1827,1
France,1828,1
France,1829,1
France,1830,1
France,1831,1
France,1832,1
France,1833,1
France,1834,1
France,1835,1
France,1836,1
France,1837,1
France,1838,1
France,1839,1
France,1840,1
France,1841,1
France,1842,1
France,1843,1
France,1844,1
France,1845,1
France,1846,1
France,1847,1
France,1848,1
France,1849,1
France,1850,1
France,1851,1
France,1852,1
France,1853,1
France,1854,1
France,1855,1
France,1856,1
France,1857,1
France,1858,1
France,1859,1
France,1860,1
France,1861,1
France,1862,1
France,1863,1
France,1864,1
France,1865,1
France,1866,1
France,1867,1
France,1868,1
France,1869,1
France,1870,1
France,1871,1
France,1872,1
France,1873,1
France,1874,1
France,1875,1
France,1876,1
France,1877,1
France,1878,1
France,1879,1
France,1914,1
France,1915,1
France,1916,1
France,1917,1
France,1918,1
France,1919,1
France,1920,1
France,1921,1
France,1922,1
France,1923,1
France,1924,1
France,1939,1
France,1940,1
France,1941,1
France,1942,1
France,1943,1
France,1944,1
France,1945,1
Germany,1800,1
Germany,1801,1
Germany,1802,1
Germany,1803,1
Germany,1804,1
Germany,1805,1
Germany,1806,1
Germany,1807,1
Germany,1808,1
Germany,1809,1
Germany,1810,1
Germany,1811,1
Germany,1812,1
Germany,1813,1
Germany,1814,1
Germany,1815,1
Germany,1816,1
Germany,1817,1
Germany,1818,1
Germany,1819,1
Germany,1820,1
Germany,1821,1
Germany,1822,1
Germany,1823,1
Germany,1824,1
Germany,1825,1
Germany,1826,1
Germany,1827,1
Germany,1828,1
Germany,1829,1
Germany,1830,1
Germany,1831,1
Germany,1832,1
Germany,1833,1
Germany,1834,1
Germany,1835,1
Germany,1836,1
Germany,1837,1
Germany,1838,1
Germany,1839,1
Germany,1840,1
Germany,1841,1
Germany,1842,1
Germany,1843,1
Germany,1844,1
Germany,1845,1
Germany,1846,1
Germany,1847,1
Germany,1848,1
Germany,1849,1
Germany,1850,1
Germany,1851,1
Germany,1852,1
Germany,1853,1
Germany,1854,1
Germany,1855,1
Germany,1856,1
Germany,1857,1
Germany,1858,1
Germany,1859,1
Germany,1860,1
Germany,1861,1
Germany,1862,1
Germany,1863,1
Germany,1864,1
Germany,1865,1
Germany,1866,1
Germany,1867,1
Germany,1868,1
Germany,1869,1
Germany,1870,1
Germany,1871,1
Germany,1872,1
Germany,1873,1
Germany,1874,1
Germany,1875,1
Germany,1876,1
Germany,1877,1
Germany,1878,1
Germany,1879,1
Germany,1914,1
Germany,1915,1
Germany,1916,1
Germany,1917,1
Germany,1918,1
Germany,1919,1
Germany,1920,1
Germany,1921,1
Germany,1922,1
Germany,1923,1
Germany,1924,1
Germany,1935,1
Germany,1936,1
Germany,1937,1
Germany,1938,1
Germany,1939,1
Germany,1940,1
Germany,1941,1
Germany,1942,1
Germany,1943,1
Germany,1944,1
Germany,1945,1
Germany,1946,1
Germany,1947,1
Germany,1948,1
Germany,1949,1
Greece,1800,1
Greece,1801,1
Greece,1802,1
Greece,1803,1
Greece,1804,1
Greece,1805,1
Greece,1806,1
Greece,1807,1
Greece,1808,1
Greece,1809,1
Greece,1810,1
Greece,1811,1
Greece,1812,1
Greece,1813,1
Greece,1814,1
Greece,1815,1
Greece,1816,1
Greece,1817,1
Greece,1818,1
Greece,1819,1
Greece,1820,1
Greece,1821,1
Greece,1822,1
Greece,1823,1
Greece,1824,1
Greece,1825,1
Greece,1826,1
Greece,1827,1
Greece,1828,1
Greece,1829,1
Greece,1830,1
Greece,1831,1
Greece,1832,1
Greece,1833,1
Greece,1834,1
Greece,1835,1
Greece,1836,1
Greece,1837,1
Greece,1838,1
Greece,1839,1
Greece,1840,1
Greece,1841,1
Greece,1842,1
Greece,1843,1
Greece,1844,1
Greece,1845,1
Greece,1846,1
Greece,1847,1
Greece,1848,1
Greece,1849,1
Greece,1850,1
Greece,1851,1
Greece,1852,1
Greece,1853,1
Greece,1854,1
Greece,1855,1
Greece,1856,1
Greece,1857,1
Greece,1858,1
Greece,1859,1
Greece,1860,1
Greece,1861,1
Greece,1862,1
Greece,1863,1
Greece,1864,1
Greece,1865,1
Greece,1866,1
Greece,1867,1
Greece,1868,1
Greece,1869,1
Greece,1870,1
Greece,1871,1
Greece,1872,1
Greece,1873,1
Greece,1874,1
Greece,1875,1
Greece,1876,1
Greece,1877,1
Greece,1878,1
Greece,1879,1
Greece,1914,1
Greece,1915,1
Greece,1916,1
Greece,1917,1
Greece,1918,1
Greece,1919,1
Greece,1920,1
Greece,1921,1
Greece,1922,1
Greece,1923,1
Greece,1924,1
Greece,1925,1
Greece,1926,1
Greece,1938,1
Greece,1939,1
Greece,1940,1
Greece,1941,1
Greece,1942,1
Greece,1943,1
Greece,1944,1
Greece,1945,1
Greece,1946,1
Greece,1947,1
Hungary,1800,1
Hungary,1801,1
Hungary,1802,1
Hungary,1803,1
Hungary,1804,1
Hungary,1805,1
Hungary,1806,1
Hungary,1807,1
Hungary,1808,1
Hungary,1809,1
Hungary,1810,1
Hungary,1811,1
Hungary,1812,1
Hungary,1813,1
Hungary,1814,1
Hungary,1815,1
Hungary,1816,1
Hungary,1817,1
Hungary,1818,1
Hungary,1819,1
Hungary,1820,1
Hungary,1821,1
Hungary,1822,1
Hungary,1823,1
Hungary,1824,1
Hungary,1825,1
Hungary,1826,1
Hungary,1827,1
Hungary,1828,1
Hungary,1829,1
Hungary,1830,1
Hungary,1831,1
Hungary,1832,1
Hungary,1833,1
Hungary,1834,1
Hungary,1835,1
Hungary,1836,1
Hungary,1837,1
Hungary,1838,1
Hungary,1839,1
Hungary,1840,1
Hungary,1841,1
Hungary,1842,1
Hungary,1843,1
Hungary,1844,1
Hungary,1845,1
Hungary,1846,1
Hungary,1847,1
Hungary,1848,1
Hungary,1849,1
Hungary,1850,1
Hungary,1851,1
Hungary,1852,1
Hungary,1853,1
Hungary,1854,1
Hungary,1855,1
Hungary,1856,1
Hungary,1857,1
Hungary,1858,1
Hungary,1859,1
Hungary,1860,1
Hungary,1861,1
Hungary,1862,1
Hungary,1863,1
Hungary,1864,1
Hungary,1865,1
Hungary,1866,1
Hungary,1867,1
Hungary,1868,1
Hungary,1869,1
Hungary,1870,1
Hungary,1871,1
Hungary,1872,1
Hungary,1873,1
Hungary,1874,1
Hungary,1875,1
Hungary,1876,1
Hungary,1877,1
Hungary,1878,1
Hungary,1879,1
Hungary,1880,1
Hungary,1881,1
Hungary,1882,1
Hungary,1883,1
Hungary,1884,1
Hungary,1885,1
Hungary,1886,1
Hungary,1887,1
Hungary,1888,1
Hungary,1889,1
Hungary,1890,1
Hungary,1891,1
Hungary,1892,1
Hungary,1893,1
Hungary,1894,1
Hungary,1895,1
Hungary,1896,1
Hungary,1897,1
Hungary,1898,1
Hungary,1899,1
Hungary,1900,1
Hungary,1901,1
Hungary,1902,1
Hungary,1903,1
Hungary,1904,1
Hungary,1905,1
Hungary,1906,1
Hungary,1907,1
Hungary,1908,1
Hungary,1909,1
Hungary,1910,1
Hungary,1911,1
Hungary,1912,1
Hungary,1913,1
Hungary,1914,1
Hungary,1915,1
Hungary,1916,1
Hungary,1917,1
Hungary,1918,1
Hungary,1919,1
Hungary,1920,1
Hungary,1921,1
Hungary,1922,1
Hungary,1923,1
Hungary,1924,1
Hungary,1925,1
Hungary,1926,1
Hungary,1927,1
Hungary,1942,1
Hungary,1943,1
Hungary,1944,1
Hungary,1945,1
Hungary,1946,1
Hungary,1947,1
Hungary,1948,1
Hungary,1949,1
Hungary,1950,1
Hungary,1951,1
Hungary,1952,1
Hungary,1953,1
Hungary,1954,1
Hungary,1955,1
Hungary,1956,1
Hungary,1957,1
Hungary,1958,1
Hungary,1959,1
Hungary,1960,1
Hungary,1961,1
Hungary,1962,1
Hungary,1963,1
Hungary,1964,1
Hungary,1965,1
Hungary,1966,1
Hungary,1967,1
Hungary,1968,1
Hungary,1969,1
Hungary,1970,1
Hungary,1971,1
Hungary,1972,1
Hungary,1973,1
Hungary,1974,1
Hungary,1975,1
Hungary,1976,1
Hungary,1977,1
Hungary,1978,1
Hungary,1979,1
Hungary,1980,1
Hungary,1981,1
Hungary,1982,1
Hungary,1983,1
Hungary,1984,1
Hungary,1985,1
Hungary,1986,1
Hungary,1987,1
Hungary,1988,1
Hungary,1989,1
Hungary,1990,1
Hungary,1991,1
Hungary,1992,1
Hungary,1993,1
Hungary,1994,1
Iceland,1800,1
Iceland,1801,1
Iceland,1802,1
Iceland,1803,1
Iceland,1804,1
Iceland,1805,1
Iceland,1806,1
Iceland,1807,1
Iceland,1808,1
Iceland,1809,1
Iceland,1810,1
Iceland,1811,1
Iceland,1812,1
Iceland,1813,1
Iceland,1814,1
Iceland,1815,1
Iceland,1816,1
Iceland,1817,1
Iceland,1818,1
Iceland,1819,1
Iceland,1820,1
Iceland,1821,1
Iceland,1822,1
Iceland,1823,1
Iceland,1824,1
Iceland,1825,1
Iceland,1826,1
Iceland,1827,1
Iceland,1828,1
Iceland,1829,1
Iceland,1830,1
Iceland,1831,1
Iceland,1832,1
Iceland,1833,1
Iceland,1834,1
Iceland,1835,1
Iceland,1836,1
Iceland,1837,1
Iceland,1838,1
Iceland,1839,1
Iceland,1840,1
Iceland,1841,1
Iceland,1842,1
Iceland,1843,1
Iceland,1844,1
Iceland,1845,1
Iceland,1846,1
Iceland,1847,1
Iceland,1848,1
Iceland,1849,1
Iceland,1850,1
Iceland,1851,1
Iceland,1852,1
Iceland,1853,1
Iceland,1854,1
Iceland,1855,1
Iceland,1856,1
Iceland,1857,1
Iceland,1858,1
Iceland,1859,1
Iceland,1860,1
Iceland,1861,1
Iceland,1862,1
Iceland,1863,1
Iceland,1864,1
Iceland,1865,1
Iceland,1866,1
Iceland,1867,1
Iceland,1868,1
Iceland,1869,1
Iceland,1870,1
Iceland,1871,1
Iceland,1872,1
Iceland,1873,1
Iceland,1874,1
Iceland,1875,1
Iceland,1876,1
Iceland,1877,1
Iceland,1878,1
Iceland,1879,1
Iceland,1880,1
Iceland,1881,1
Iceland,1882,1
Iceland,1883,1
Iceland,1884,1
Iceland,1885,1
Iceland,1886,1
Iceland,1887,1
Iceland,1888,1
Iceland,1889,1
Iceland,1890,1
Iceland,1891,1
Iceland,1892,1
Iceland,1893,1
Iceland,1894,1
Iceland,1895,1
Iceland,1896,1
Iceland,1897,1
Iceland,1898,1
Iceland,1899,1
Iceland,1900,1
Iceland,1901,1
Iceland,1902,1
Iceland,1903,1
Iceland,1904,1
Iceland,1905,1
Iceland,1906,1
Iceland,1907,1
Iceland,1908,1
Iceland,1909,1
Iceland,1910,1
Iceland,1911,1
Iceland,1912,1
Iceland,1913,1
Iceland,1914,1
Iceland,1915,1
Iceland,1916,1
Iceland,1917,1
Iceland,1918,1
Iceland,1919,1
Iceland,1920,1
Iceland,1921,1
Iceland,1922,1
Iceland,1923,1
Iceland,1924,1
Iceland,1925,1
Iceland,1926,1
Iceland,1927,1
Iceland,1928,1
Iceland,1929,1
Iceland,1930,1
Iceland,1931,1
Iceland,1932,1
Iceland,1933,1
Iceland,1934,1
Iceland,1935,1
Iceland,1936,1
Iceland,1937,1
Iceland,1938,1
Iceland,1939,1
Iceland,1940,1
Iceland,1941,1
Iceland,1942,1
Iceland,1943,1
Iceland,1944,1
Iceland,1945,1
India,1800,1
India,1801,1
India,1802,1
India,1803,1
India,1804,1
India,1805,1
India,1806,1
India,1807,1
India,1808,1
India,1809,1
India,1810,1
India,1811,1
India,1812,1
India,1813,1
India,1814,1
India,1815,1
India,1816,1
India,1817,1
India,1818,1
India,1819,1
India,1820,1
India,1821,1
India,1822,1
India,1823,1
India,1824,1
India,1825,1
India,1826,1
India,1827,1
India,1828,1
India,1829,1
India,1830,1
India,1831,1
India,1832,1
India,1833,1
India,1834,1
India,1835,1
India,1836,1
India,1837,1
India,1838,1
India,1839,1
India,1840,1
India,1841,1
India,1842,1
India,1843,1
India,1844,1
India,1845,1
India,1846,1
India,1847,1
India,1848,1
India,1849,1
India,1850,1
India,1851,1
India,1852,1
India,1853,1
India,1854,1
India,1855,1
India,1856,1
India,1857,1
India,1858,1
India,1859,1
India,1860,1
India,1892,1
India,1893,1
India,1894,1
India,1895,1
India,1896,1
India,1897,1
India,1898,1
India,1899,1
India,1900,1
India,1901,1
India,1902,1
India,1903,1
India,1904,1
India,1905,1
India,1906,1
India,1907,1
India,1908,1
India,1909,1
India,1910,1
India,1911,1
India,1912,1
Ireland,1800,1
Ireland,1801,1
Ireland,1802,1
Ireland,1803,1
Ireland,1804,1
Ireland,1805,1
Ireland,1806,1
Ireland,1807,1
Ireland,1808,1
Ireland,1809,1
Ireland,1810,1
Ireland,1811,1
Ireland,1812,1
Ireland,1813,1
Ireland,1814,1
Ireland,1815,1
Ireland,1816,1
Ireland,1817,1
Ireland,1818,1
Ireland,1819,1
Ireland,1820,1
Ireland,1821,1
Ireland,1822,1
Ireland,1823,1
Ireland,1824,1
Ireland,1825,1
Ireland,1826,1
Ireland,1827,1
Ireland,1828,1
Ireland,1829,1
Ireland,1830,1
Ireland,1831,1
Ireland,1832,1
Ireland,1833,1
Ireland,1834,1
Ireland,1835,1
Ireland,1836,1
Ireland,1837,1
Ireland,1838,1
Ireland,1839,1
Ireland,1840,1
Ireland,1841,1
Ireland,1842,1
Ireland,1843,1
Ireland,1844,1
Ireland,1845,1
Ireland,1846,1
Ireland,1847,1
Ireland,1848,1
Ireland,1849,1
Ireland,1850,1
Ireland,1851,1
Ireland,1852,1
Ireland,1853,1
Ireland,1854,1
Ireland,1855,1
Ireland,1856,1
Ireland,1857,1
Ireland,1858,1
Ireland,1859,1
Ireland,1860,1
Ireland,1861,1
Ireland,1862,1
Ireland,1863,1
Ireland,1864,1
Ireland,1865,1
Ireland,1866,1
Ireland,1867,1
Ireland,1868,1
Ireland,1869,1
Ireland,1870,1
Ireland,1871,1
Ireland,1872,1
Ireland,1873,1
Ireland,1874,1
Ireland,1875,1
Ireland,1876,1
Ireland,1877,1
Ireland,1878,1
Ireland,1879,1
Ireland,1880,1
Ireland,1881,1
Ireland,1882,1
Ireland,1883,1
Ireland,1884,1
Ireland,1885,1
Ireland,1886,1
Ireland,1887,1
Ireland,1888,1
Ireland,1889,1
Ireland,1890,1
Ireland,1891,1
Ireland,1892,1
Ireland,1893,1
Ireland,1894,1
Ireland,1895,1
Ireland,1896,1
Ireland,1897,1
Ireland,1898,1
Ireland,1899,1
Ireland,1900,1
Ireland,1901,1
Ireland,1902,1
Ireland,1903,1
Ireland,1904,1
Ireland,1905,1
Ireland,1906,1
Ireland,1907,1
Ireland,1908,1
Ireland,1909,1
Ireland,1910,1
Ireland,1911,1
Ireland,1912,1
Ireland,1913,1
Ireland,1914,1
Ireland,1915,1
Ireland,1916,1
Ireland,1917,1
Ireland,1918,1
Ireland,1919,1
Ireland,1920,1
Ireland,1921,1
Ireland,1922,1
Ireland,1923,1
Ireland,1924,1
Ireland,1925,1
Ireland,1927,1
Ireland,1928,1
Ireland,1930,1
Ireland,1932,1
Ireland,1934,1
Ireland,1935,1
Israel,1800,1
Israel,1801,1
Israel,1802,1
Israel,1803,1
Israel,1804,1
Israel,1805,1
Israel,1806,1
Israel,1807,1
Israel,1808,1
Israel,1809,1
Israel,1810,1
Israel,1811,1
Israel,1812,1
Israel,1813,1
Israel,1814,1
Israel,1815,1
Israel,1816,1
Israel,1817,1
Israel,1818,1
Israel,1819,1
Israel,1820,1
Israel,1821,1
Israel,1822,1
Israel,1823,1
Israel,1824,1
Israel,1825,1
Israel,1826,1
Israel,1827,1
Israel,1828,1
Israel,1829,1
Israel,1830,1
Israel,1831,1
Israel,1832,1
Israel,1833,1
Israel,1834,1
Israel,1835,1
Israel,1836,1
Israel,1837,1
Israel,1838,1
Israel,1839,1
Israel,1840,1
Israel,1841,1
Israel,1842,1
Israel,1843,1
Israel,1844,1
Israel,1845,1
Israel,1846,1
Israel,1847,1
Israel,1848,1
Israel,1849,1
Israel,1850,1
Israel,1851,1
Israel,1852,1
Israel,1853,1
Israel,1854,1
Israel,1855,1
Israel,1856,1
Israel,1857,1
Israel,1858,1
Israel,1859,1
Israel,1860,1
Israel,1861,1
Israel,1862,1
Israel,1863,1
Israel,1864,1
Israel,1865,1
Israel,1866,1
Israel,1867,1
Israel,1868,1
Israel,1869,1
Israel,1870,1
Israel,1871,1
Israel,1872,1
Israel,1873,1
Israel,1874,1
Israel,1875,1
Israel,1876,1
Israel,1877,1
Israel,1878,1
Israel,1879,1
Israel,1880,1
Israel,1881,1
Israel,1882,1
Israel,1883,1
Israel,1884,1
Israel,1885,1
Israel,1886,1
Israel,1887,1
Israel,1888,1
Israel,1889,1
Israel,1890,1
Israel,1891,1
Israel,1892,1
Israel,1893,1
Israel,1894,1
Israel,1895,1
Israel,1896,1
Israel,1897,1
Israel,1898,1
Israel,1899,1
Israel,1900,1
Israel,1901,1
Israel,1902,1
Israel,1903,1
Israel,1904,1
Israel,1905,1
Israel,1906,1
Israel,1907,1
Israel,1908,1
Israel,1909,1
Israel,1910,1
Israel,1911,1
Israel,1912,1
Israel,1913,1
Israel,1914,1
Israel,1915,1
Israel,1916,1
Israel,1917,1
Israel,1918,1
Israel,1919,1
Israel,1920,1
Israel,1921,1
Israel,1922,1
Israel,1923,1
Israel,1924,1
Israel,1925,1
Israel,1926,1
Israel,1927,1
Israel,1928,1
Israel,1929,1
Israel,1930,1
Israel,1931,1
Israel,1932,1
Israel,1933,1
Israel,1934,1
Israel,1935,1
Israel,1936,1
Israel,1937,1
Israel,1938,1
Israel,1939,1
Israel,1940,1
Israel,1941,1
Israel,1942,1
Israel,1943,1
Israel,1944,1
Israel,1945,1
Israel,1946,1
Israel,1947,1
Israel,1948,1
Israel,1949,1
Israel,1950,1
Israel,1951,1
Israel,1952,1
Israel,1953,1
Israel,1971,1
Israel,1972,1
Israel,1973,1
Israel,1974,1
Israel,1975,1
Israel,1976,1
Israel,1977,1
Israel,1978,1
Israel,1979,1
Israel,1983,1
Israel,1984,1
Italy,1800,1
Italy,1801,1
Italy,1802,1
Italy,1803,1
Italy,1804,1
Italy,1805,1
Italy,1806,1
Italy,1807,1
Italy,1808,1
Italy,1809,1
Italy,1810,1
Italy,1811,1
Italy,1812,1
Italy,1813,1
Italy,1814,1
Italy,1815,1
Italy,1816,1
Italy,1817,1
Italy,1818,1
Italy,1819,1
Italy,1820,1
Italy,1821,1
Italy,1822,1
Italy,1823,1
Italy,1824,1
Italy,1825,1
Italy,1826,1
Italy,1827,1
Italy,1828,1
Italy,1829,1
Italy,1830,1
Italy,1831,1
Italy,1832,1
Italy,1833,1
Italy,1834,1
Italy,1835,1
Italy,1836,1
Italy,1837,1
Italy,1838,1
Italy,1839,1
Italy,1840,1
Italy,1841,1
Italy,1842,1
Italy,1843,1
Italy,1844,1
Italy,1845,1
Italy,1846,1
Italy,1847,1
Italy,1848,1
Italy,1849,1
Italy,1850,1
Italy,1851,1
Italy,1852,1
Italy,1853,1
Italy,1854,1
Italy,1855,1
Italy,1856,1
Italy,1857,1
Italy,1858,1
Italy,1859,1
Italy,1860,1
Italy,1861,1
Japan,1800,1
Japan,1801,1
Japan,1802,1
Japan,1803,1
Japan,1804,1
Japan,1805,1
Japan,1806,1
Japan,1807,1
Japan,1808,1
Japan,1809,1
Japan,1810,1
Japan,1811,1
Japan,1812,1
Japan,1813,1
Japan,1814,1
Japan,1815,1
Japan,1816,1
Japan,1817,1
Japan,1818,1
Japan,1819,1
Japan,1820,1
Japan,1821,1
Japan,1822,1
Japan,1823,1
Japan,1824,1
Japan,1825,1
Japan,1826,1
Japan,1827,1
Japan,1828,1
Japan,1829,1
Japan,1830,1
Japan,1831,1
Japan,1832,1
Japan,1833,1
Japan,1834,1
Japan,1835,1
Japan,1836,1
Japan,1837,1
Japan,1838,1
Japan,1839,1
Japan,1840,1
Japan,1841,1
Japan,1842,1
Japan,1843,1
Japan,1844,1
Japan,1845,1
Japan,1846,1
Japan,1847,1
Japan,1848,1
Japan,1849,1
Japan,1850,1
Japan,1851,1
Japan,1852,1
Japan,1853,1
Japan,1854,1
Japan,1855,1
Japan,1856,1
Japan,1857,1
Japan,1858,1
Japan,1859,1
Japan,1860,1
Japan,1861,1
Japan,1862,1
Japan,1863,1
Japan,1864,1
Japan,1865,1
Japan,1866,1
Japan,1867,1
Japan,1868,1
Japan,1869,1
Japan,1870,1
Japan,1871,1
Japan,1872,1
Japan,1873,1
Japan,1874,1
Japan,1944,1
Japan,1945,1
Japan,1946,1
Korea,1800,1
Korea,1801,1
Korea,1802,1
Korea,1803,1
Korea,1804,1
Korea,1805,1
Korea,1806,1
Korea,1807,1
Korea,1808,1
Korea,1809,1
Korea,1810,1
Korea,1811,1
Korea,1812,1
Korea,1813,1
Korea,1814,1
Korea,1815,1
Korea,1816,1
Korea,1817,1
Korea,1818,1
Korea,1819,1
Korea,1820,1
Korea,1821,1
Korea,1822,1
Korea,1823,1
Korea,1824,1
Korea,1825,1
Korea,1826,1
Korea,1827,1
Korea,1828,1
Korea,1829,1
Korea,1830,1
Korea,1831,1
Korea,1832,1
Korea,1833,1
Korea,1834,1
Korea,1835,1
Korea,1836,1
Korea,1837,1
Korea,1838,1
Korea,1839,1
Korea,1840,1
Korea,1841,1
Korea,1842,1
Korea,1843,1
Korea,1844,1
Korea,1845,1
Korea,1846,1
Korea,1847,1
Korea,1848,1
Korea,1849,1
Korea,1850,1
Korea,1851,1
Korea,1852,1
Korea,1853,1
Korea,1854,1
Korea,1855,1
Korea,1856,1
Korea,1857,1
Korea,1858,1
Korea,1859,1
Korea,1860,1
Korea,1861,1
Korea,1862,1
Korea,1863,1
Korea,1864,1
Korea,1865,1
Korea,1866,1
Korea,1867,1
Korea,1868,1
Korea,1869,1
Korea,1870,1
Korea,1871,1
Korea,1872,1
Korea,1873,1
Korea,1874,1
Korea,1875,1
Korea,1876,1
Korea,1877,1
Korea,1878,1
Korea,1879,1
Korea,1880,1
Korea,1881,1
Korea,1882,1
Korea,1883,1
Korea,1884,1
Korea,1885,1
Korea,1886,1
Korea,1887,1
Korea,1888,1
Korea,1889,1
Korea,1890,1
Korea,1891,1
Korea,1892,1
Korea,1893,1
Korea,1894,1
Korea,1895,1
Korea,1896,1
Korea,1897,1
Korea,1898,1
Korea,1899,1
Korea,1900,1
Korea,1901,1
Korea,1902,1
Korea,1903,1
Korea,1904,1
Korea,1905,1
Korea,1906,1
Korea,1907,1
Korea,1908,1
Korea,1909,1
Korea,1910,1
Korea,1911,1
Korea,1912,1
Korea,1913,1
Korea,1914,1
Korea,1915,1
Korea,1916,1
Korea,1917,1
Korea,1918,1
Korea,1919,1
Korea,1920,1
Korea,1921,1
Korea,1922,1
Korea,1923,1
Korea,1924,1
Korea,1925,1
Korea,1926,1
Korea,1927,1
Korea,1928,1
Korea,1929,1
Korea,1930,1
Korea,1931,1
Korea,1932,1
Korea,1933,1
Korea,1934,1
Korea,1935,1
Korea,1936,1
Korea,1937,1
Korea,1938,1
Korea,1939,1
Korea,1940,1
Korea,1941,1
Korea,1942,1
Korea,1943,1
Korea,1944,1
Korea,1945,1
Korea,1946,1
Korea,1947,1
Korea,1948,1
Korea,1949,1
Korea,1950,1
Korea,1951,1
Korea,1952,1
Korea,1956,1
Mexico,1800,1
Mexico,1801,1
Mexico,1802,1
Mexico,1803,1
Mexico,1804,1
Mexico,1805,1
Mexico,1806,1
Mexico,1807,1
Mexico,1808,1
Mexico,1809,1
Mexico,1810,1
Mexico,1811,1
Mexico,1812,1
Mexico,1813,1
Mexico,1814,1
Mexico,1815,1
Mexico,1816,1
Mexico,1817,1
Mexico,1818,1
Mexico,1819,1
Mexico,1820,1
Mexico,1821,1
Mexico,1822,1
Mexico,1823,1
Mexico,1824,1
Mexico,1825,1
Mexico,1826,1
Mexico,1827,1
Mexico,1828,1
Mexico,1829,1
Mexico,1830,1
Mexico,1831,1
Mexico,1832,1
Mexico,1833,1
Mexico,1834,1
Mexico,1835,1
Mexico,1836,1
Mexico,1837,1
Mexico,1838,1
Mexico,1839,1
Mexico,1840,1
Mexico,1841,1
Mexico,1842,1
Mexico,1843,1
Mexico,1844,1
Mexico,1845,1
Mexico,1846,1
Mexico,1847,1
Mexico,1848,1
Mexico,1849,1
Mexico,1850,1
Mexico,1851,1
Mexico,1852,1
Mexico,1853,1
Mexico,1854,1
Mexico,1855,1
Mexico,1856,1
Mexico,1857,1
Mexico,1858,1
Mexico,1859,1
Mexico,1860,1
Mexico,1861,1
Mexico,1862,1
Mexico,1863,1
Mexico,1864,1
Mexico,1865,1
Mexico,1866,1
Mexico,1867,1
Mexico,1868,1
Mexico,1869,1
Mexico,1870,1
Mexico,1871,1
Mexico,1872,1
Mexico,1873,1
Mexico,1874,1
Mexico,1875,1
Mexico,1876,1
Mexico,1877,1
Mexico,1878,1
Mexico,1879,1
Mexico,1880,1
Mexico,1881,1
Mexico,1882,1
Mexico,1883,1
Mexico,1884,1
Mexico,1885,1
Mexico,1886,1
Mexico,1887,1
Mexico,1888,1
Mexico,1889,1
Mexico,1890,1
Mexico,1891,1
Mexico,1892,1
Mexico,1893,1
Mexico,1894,1
Mexico,1895,1
Mexico,1896,1
Mexico,1897,1
Mexico,1898,1
Mexico,1899,1
Mexico,1900,1
Mexico,1901,1
Mexico,1902,1
Mexico,1903,1
Mexico,1904,1
Mexico,1905,1
Mexico,1906,1
Mexico,1907,1
Mexico,1908,1
Mexico,1909,1
Mexico,1910,1
Mexico,1911,1
Mexico,1912,1
Mexico,1913,1
Mexico,1914,1
Mexico,1915,1
Mexico,1916,1
Mexico,1917,1
Mexico,1918,1
Mexico,1919,1
Mexico,1920,1
Mexico,1921,1
Mexico,1922,1
Mexico,1923,1
Mexico,1924,1
Netherlands,1800,1
Netherlands,1801,1
Netherlands,1802,1
Netherlands,1803,1
Netherlands,1804,1
Netherlands,1805,1
Netherlands,1806,1
Netherlands,1807,1
Netherlands,1808,1
Netherlands,1809,1
Netherlands,1810,1
Netherlands,1811,1
Netherlands,1812,1
Netherlands,1813,1
Netherlands,1814,1
Netherlands,1815,1
Netherlands,1816,1
Netherlands,1817,1
Netherlands,1818,1
Netherlands,1819,1
Netherlands,1820,1
Netherlands,1821,1
Netherlands,1822,1
Netherlands,1823,1
Netherlands,1824,1
Netherlands,1825,1
Netherlands,1826,1
Netherlands,1827,1
Netherlands,1828,1
Netherlands,1829,1
Netherlands,1830,1
Netherlands,1831,1
Netherlands,1832,1
Netherlands,1833,1
Netherlands,1834,1
Netherlands,1835,1
Netherlands,1836,1
Netherlands,1837,1
Netherlands,1838,1
Netherlands,1839,1
Netherlands,1840,1
Netherlands,1841,1
Netherlands,1842,1
Netherlands,1843,1
Netherlands,1844,1
Netherlands,1845,1
Netherlands,1846,1
Netherlands,1847,1
Netherlands,1848,1
Netherlands,1849,1
Netherlands,1850,1
Netherlands,1851,1
Netherlands,1852,1
Netherlands,1853,1
Netherlands,1854,1
Netherlands,1855,1
Netherlands,1856,1
Netherlands,1857,1
Netherlands,1858,1
Netherlands,1859,1
Netherlands,1860,1
Netherlands,1861,1
Netherlands,1862,1
Netherlands,1863,1
Netherlands,1864,1
Netherlands,1865,1
Netherlands,1866,1
Netherlands,1867,1
Netherlands,1868,1
Netherlands,1869,1
Netherlands,1870,1
Netherlands,1871,1
Netherlands,1872,1
Netherlands,1873,1
Netherlands,1874,1
Netherlands,1875,1
Netherlands,1876,1
Netherlands,1877,1
Netherlands,1878,1
Netherlands,1879,1
Netherlands,1914,1
Netherlands,1915,1
Netherlands,1916,1
Netherlands,1917,1
Netherlands,1918,1
Netherlands,1919,1
Netherlands,1920,1
Netherlands,1921,1
Netherlands,1922,1
Netherlands,1940,1
Netherlands,1941,1
Netherlands,1942,1
Netherlands,1943,1
Netherlands,1944,1
Netherlands,1945,1
Netherlands,1946,1
Netherlands,1947,1
Netherlands,1948,1
New Zealand,1800,1
New Zealand,1801,1
New Zealand,1802,1
New Zealand,1803,1
New Zealand,1804,1
New Zealand,1805,1
New Zealand,1806,1
New Zealand,1807,1
New Zealand,1808,1
New Zealand,1809,1
New Zealand,1810,1
New Zealand,1811,1
New Zealand,1812,1
New Zealand,1813,1
New Zealand,1814,1
New Zealand,1815,1
New Zealand,1816,1
New Zealand,1817,1
New Zealand,1818,1
New Zealand,1819,1
New Zealand,1820,1
New Zealand,1821,1
New Zealand,1822,1
New Zealand,1823,1
New Zealand,1824,1
New Zealand,1825,1
New Zealand,1826,1
New Zealand,1827,1
New Zealand,1828,1
New Zealand,1829,1
New Zealand,1830,1
New Zealand,1831,1
New Zealand,1832,1
New Zealand,1833,1
New Zealand,1834,1
New Zealand,1835,1
New Zealand,1836,1
New Zealand,1837,1
New Zealand,1838,1
New Zealand,1839,1
New Zealand,1840,1
New Zealand,1841,1
New Zealand,1842,1
New Zealand,1843,1
New Zealand,1844,1
New Zealand,1845,1
New Zealand,1846,1
New Zealand,1847,1
New Zealand,1848,1
New Zealand,1849,1
New Zealand,1850,1
New Zealand,1851,1
New Zealand,1852,1
New Zealand,1853,1
New Zealand,1854,1
New Zealand,1855,1
New Zealand,1856,1
New Zealand,1857,1
New Zealand,1858,1
New Zealand,1859,1
New Zealand,1860,1
New Zealand,1861,1
New Zealand,1862,1
New Zealand,1863,1
New Zealand,1864,1
New Zealand,1865,1
New Zealand,1866,1
New Zealand,1867,1
New Zealand,1868,1
New Zealand,1869,1
New Zealand,1870,1
New Zealand,1871,1
New Zealand,1872,1
New Zealand,1873,1
New Zealand,1874,1
New Zealand,1875,1
New Zealand,1876,1
New Zealand,1877,1
New Zealand,1878,1
New Zealand,1879,1
New Zealand,1880,1
New Zealand,1881,1
New Zealand,1882,1
New Zealand,1883,1
New Zealand,1884,1
New Zealand,1885,1
New Zealand,1886,1
New Zealand,1887,1
New Zealand,1888,1
New Zealand,1889,1
New Zealand,1890,1
New Zealand,1891,1
New Zealand,1892,1
New Zealand,1893,1
New Zealand,1894,1
New Zealand,1895,1
New Zealand,1896,1
New Zealand,1897,1
New Zealand,1898,1
New Zealand,1899,1
New Zealand,1900,1
New Zealand,1901,1
New Zealand,1902,1
New Zealand,1903,1
New Zealand,1904,1
New Zealand,1905,1
New Zealand,1906,1
New Zealand,1907,1
New Zealand,1908,1
New Zealand,1909,1
New Zealand,1910,1
New Zealand,1911,1
New Zealand,1912,1
New Zealand,1945,1
New Zealand,1946,1
Norway,1800,1
Norway,1801,1
Norway,1802,1
Norway,1803,1
Norway,1804,1
Norway,1805,1
Norway,1806,1
Norway,1807,1
Norway,1808,1
Norway,1809,1
Norway,1810,1
Norway,1811,1
Norway,1812,1
Norway,1813,1
Norway,1814,1
Norway,1815,1
Norway,1816,1
Norway,1817,1
Norway,1818,1
Norway,1819,1
Norway,1820,1
Norway,1821,1
Norway,1822,1
Norway,1823,1
Norway,1824,1
Norway,1825,1
Norway,1826,1
Norway,1827,1
Norway,1828,1
Norway,1829,1
Norway,1830,1
Norway,1831,1
Norway,1832,1
Norway,1833,1
Norway,1834,1
Norway,1835,1
Norway,1836,1
Norway,1837,1
Norway,1838,1
Norway,1839,1
Norway,1840,1
Norway,1841,1
Norway,1842,1
Norway,1843,1
Norway,1844,1
Norway,1845,1
Norway,1846,1
Norway,1847,1
Norway,1848,1
Norway,1849,1
Norway,1850,1
Norway,1851,1
Norway,1852,1
Norway,1853,1
Norway,1854,1
Norway,1855,1
Norway,1856,1
Norway,1857,1
Norway,1858,1
Norway,1859,1
Norway,1860,1
Norway,1861,1
Norway,1862,1
Norway,1863,1
Norway,1864,1
Norway,1865,1
Norway,1866,1
Norway,1867,1
Norway,1868,1
Norway,1869,1
Norway,1870,1
Norway,1871,1
Norway,1872,1
Norway,1873,1
Norway,1874,1
Norway,1875,1
Norway,1876,1
Norway,1877,1
Norway,1878,1
Norway,1879,1
Norway,1880,1
Norway,1940,1
Norway,1941,1
Norway,1942,1
Norway,1943,1
Norway,1944,1
Norway,1945,1
Poland,1800,1
Poland,1801,1
Poland,1802,1
Poland,1803,1
Poland,1804,1
Poland,1805,1
Poland,1806,1
Poland,1807,1
Poland,1808,1
Poland,1809,1
Poland,1810,1
Poland,1811,1
Poland,1812,1
Poland,1813,1
Poland,1814,1
Poland,1815,1
Poland,1816,1
Poland,1817,1
Poland,1818,1
Poland,1819,1
Poland,1820,1
Poland,1821,1
Poland,1822,1
Poland,1823,1
Poland,1824,1
Poland,1825,1
Poland,1826,1
Poland,1827,1
Poland,1828,1
Poland,1829,1
Poland,1830,1
Poland,1831,1
Poland,1832,1
Poland,1833,1
Poland,1834,1
Poland,1835,1
Poland,1836,1
Poland,1837,1
Poland,1838,1
Poland,1839,1
Poland,1840,1
Poland,1841,1
Poland,1842,1
Poland,1843,1
Poland,1844,1
Poland,1845,1
Poland,1846,1
Poland,1847,1
Poland,1848,1
Poland,1849,1
Poland,1850,1
Poland,1851,1
Poland,1852,1
Poland,1853,1
Poland,1854,1
Poland,1855,1
Poland,1856,1
Poland,1857,1
Poland,1858,1
Poland,1859,1
Poland,1860,1
Poland,1861,1
Poland,1862,1
Poland,1863,1
Poland,1864,1
Poland,1865,1
Poland,1866,1
Poland,1867,1
Poland,1868,1
Poland,1869,1
Poland,1870,1
Poland,1871,1
Poland,1872,1
Poland,1873,1
Poland,1874,1
Poland,1875,1
Poland,1876,1
Poland,1877,1
Poland,1878,1
Poland,1879,1
Poland,1880,1
Poland,1881,1
Poland,1882,1
Poland,1883,1
Poland,1884,1
Poland,1885,1
Poland,1886,1
Poland,1887,1
Poland,1888,1
Poland,1889,1
Poland,1890,1
Poland,1891,1
Poland,1892,1
Poland,1893,1
Poland,1894,1
Poland,1895,1
Poland,1896,1
Poland,1897,1
Poland,1898,1
Poland,1899,1
Poland,1900,1
Poland,1901,1
Poland,1902,1
Poland,1903,1
Poland,1904,1
Poland,1905,1
Poland,1906,1
Poland,1907,1
Poland,1908,1
Poland,1909,1
Poland,1910,1
Poland,1911,1
Poland,1912,1
Poland,1913,1
Poland,1914,1
Poland,1915,1
Poland,1916,1
Poland,1917,1
Poland,1918,1
Poland,1919,1
Poland,1920,1
Poland,1921,1
Poland,1922,1
Poland,1923,1
Poland,1924,1
Poland,1925,1
Poland,1926,1
Poland,1927,1
Poland,1928,1
Poland,1929,1
Poland,1930,1
Poland,1931,1
Poland,1932,1
Poland,1933,1
Poland,1934,1
Poland,1935,1
Poland,1936,1
Poland,1937,1
Poland,1938,1
Poland,1939,1
Poland,1940,1
Poland,1941,1
Poland,1942,1
Poland,1943,1
Poland,1944,1
Poland,1945,1
Poland,1946,1
Poland,1947,1
Poland,1948,1
Poland,1949,1
Poland,1950,1
Poland,1951,1
Poland,1952,1
Poland,1953,1
Poland,1954,1
Poland,1955,1
Poland,1956,1
Poland,1957,1
Poland,1958,1
Poland,1959,1
Poland,1960,1
Poland,1961,1
Poland,1962,1
Poland,1963,1
Poland,1964,1
Poland,1965,1
Poland,1966,1
Poland,1967,1
Poland,1968,1
Poland,1969,1
Poland,1970,1
Poland,1971,1
Poland,1972,1
Poland,1973,1
Poland,1974,1
Poland,1975,1
Poland,1976,1
Poland,1977,1
Poland,1978,1
Poland,1979,1
Poland,1980,1
Poland,1981,1
Poland,1982,1
Poland,1983,1
Poland,1984,1
Poland,1985,1
Poland,1986,1
Poland,1987,1
Poland,1988,1
Poland,1989,1
Poland,1990,1
Poland,1991,1
Poland,1992,1
Poland,1993,1
Poland,1994,1
Portugal,1800,1
Portugal,1801,1
Portugal,1802,1
Portugal,1803,1
Portugal,1804,1
Portugal,1805,1
Portugal,1806,1
Portugal,1807,1
Portugal,1808,1
Portugal,1809,1
Portugal,1810,1
Portugal,1811,1
Portugal,1812,1
Portugal,1813,1
Portugal,1814,1
Portugal,1815,1
Portugal,1816,1
Portugal,1817,1
Portugal,1818,1
Portugal,1819,1
Portugal,1820,1
Portugal,1821,1
Portugal,1822,1
Portugal,1823,1
Portugal,1824,1
Portugal,1825,1
Portugal,1826,1
Portugal,1827,1
Portugal,1828,1
Portugal,1829,1
Portugal,1830,1
Portugal,1831,1
Portugal,1832,1
Portugal,1833,1
Portugal,1834,1
Portugal,1835,1
Portugal,1836,1
Portugal,1837,1
Portugal,1838,1
Portugal,1839,1
Portugal,1840,1
Portugal,1841,1
Portugal,1842,1
Portugal,1843,1
Portugal,1844,1
Portugal,1845,1
Portugal,1846,1
Portugal,1847,1
Portugal,1848,1
Portugal,1849,1
Portugal,1850,1
Portugal,1851,1
Portugal,1852,1
Portugal,1853,1
Portugal,1854,1
Portugal,1855,1
Portugal,1856,1
Portugal,1857,1
Portugal,1858,1
Portugal,1859,1
Portugal,1860,1
Portugal,1861,1
Portugal,1862,1
Portugal,1863,1
Portugal,1864,1
Portugal,1865,1
Portugal,1866,1
Portugal,1867,1
Portugal,1868,1
Portugal,1869,1
Portugal,1870,1
Portugal,1871,1
Portugal,1872,1
Portugal,1873,1
Portugal,1874,1
Portugal,1875,1
Portugal,1876,1
Portugal,1877,1
Portugal,1878,1
Portugal,1879,1
Portugal,1914,1
Portugal,1915,1
Portugal,1916,1
Portugal,1917,1
Portugal,1918,1
Russia,1800,1
Russia,1801,1
Russia,1802,1
Russia,1803,1
Russia,1804,1
Russia,1805,1
Russia,1806,1
Russia,1807,1
Russia,1808,1
Russia,1809,1
Russia,1810,1
Russia,1811,1
Russia,1812,1
Russia,1813,1
Russia,1814,1
Russia,1815,1
Russia,1816,1
Russia,1817,1
Russia,1818,1
Russia,1819,1
Russia,1820,1
Russia,1821,1
Russia,1822,1
Russia,1823,1
Russia,1824,1
Russia,1825,1
Russia,1826,1
Russia,1827,1
Russia,1828,1
Russia,1829,1
Russia,1830,1
Russia,1831,1
Russia,1832,1
Russia,1833,1
Russia,1834,1
Russia,1835,1
Russia,1836,1
Russia,1837,1
Russia,1838,1
Russia,1839,1
Russia,1840,1
Russia,1841,1
Russia,1842,1
Russia,1843,1
Russia,1844,1
Russia,1845,1
Russia,1846,1
Russia,1847,1
Russia,1848,1
Russia,1849,1
Russia,1850,1
Russia,1851,1
Russia,1852,1
Russia,1853,1
Russia,1854,1
Russia,1855,1
Russia,1856,1
Russia,1857,1
Russia,1858,1
Russia,1859,1
Russia,1860,1
Russia,1861,1
Russia,1862,1
Russia,1863,1
Russia,1864,1
Russia,1865,1
Russia,1866,1
Russia,1867,1
Russia,1868,1
Russia,1869,1
Russia,1870,1
Russia,1871,1
Russia,1872,1
Russia,1873,1
Russia,1874,1
Russia,1875,1
Russia,1876,1
Russia,1877,1
Russia,1878,1
Russia,1879,1
Russia,1908,1
Russia,1909,1
Russia,1910,1
Russia,1911,1
Russia,1912,1
Russia,1913,1
Russia,1914,1
Russia,1915,1
Russia,1916,1
Russia,1917,1
Russia,1918,1
Russia,1919,1
Russia,1920,1
Russia,1921,1
Russia,1922,1
Russia,1923,1
Russia,1924,1
Russia,1925,1
Russia,1926,1
Russia,1927,1
Russia,1932,1
Russia,1934,1
Russia,1935,1
Russia,1936,1
Russia,1937,1
Russia,1938,1
Russia,1939,1
Russia,1940,1
Russia,1941,1
Russia,1942,1
Russia,1943,1
Russia,1944,1
Russia,1945,1
Russia,1946,1
Russia,1947,1
Russia,1948,1
Russia,1949,1
Russia,1950,1
Russia,1951,1
Russia,1952,1
Russia,1953,1
Russia,1954,1
Russia,1955,1
Russia,1956,1
Russia,1957,1
Russia,1958,1
Russia,1959,1
Russia,1960,1
Russia,1961,1
Russia,1962,1
Russia,1963,1
Russia,1964,1
Russia,1965,1
Russia,1966,1
Russia,1967,1
Russia,1968,1
Russia,1969,1
Russia,1970,1
Russia,1971,1
Russia,1972,1
Russia,1973,1
Russia,1974,1
Russia,1975,1
Russia,1976,1
Russia,1977,1
Russia,1978,1
Russia,1979,1
Russia,1980,1
Russia,1981,1
Russia,1982,1
Russia,1983,1
Russia,1984,1
Russia,1985,1
Russia,1986,1
Russia,1987,1
Russia,1988,1
Russia,1989,1
Russia,1990,1
Russia,1991,1
Russia,1992,1
Russia,1993,1
Russia,1994,1
Russia,1995,1
Russia,1996,1
Russia,1997,1
South Africa,1800,1
South Africa,1801,1
South Africa,1802,1
South Africa,1803,1
South Africa,1804,1
South Africa,1805,1
South Africa,1806,1
South Africa,1807,1
South Africa,1808,1
South Africa,1809,1
South Africa,1810,1
South Africa,1811,1
South Africa,1812,1
South Africa,1813,1
South Africa,1814,1
South Africa,1815,1
South Africa,1816,1
South Africa,1817,1
South Africa,1818,1
South Africa,1819,1
South Africa,1820,1
South Africa,1821,1
South Africa,1822,1
South Africa,1823,1
South Africa,1824,1
South Africa,1825,1
South Africa,1826,1
South Africa,1827,1
South Africa,1828,1
South Africa,1829,1
South Africa,1830,1
South Africa,1831,1
South Africa,1832,1
South Africa,1833,1
South Africa,1834,1
South Africa,1835,1
South Africa,1836,1
South Africa,1837,1
South Africa,1838,1
South Africa,1839,1
South Africa,1840,1
South Africa,1841,1
South Africa,1842,1
South Africa,1843,1
South Africa,1844,1
South Africa,1845,1
South Africa,1846,1
South Africa,1847,1
South Africa,1848,1
South Africa,1849,1
South Africa,1850,1
South Africa,1851,1
South Africa,1852,1
South Africa,1853,1
South Africa,1854,1
South Africa,1855,1
South Africa,1856,1
South Africa,1857,1
South Africa,1858,1
South Africa,1859,1
South Africa,1860,1
South Africa,1861,1
South Africa,1862,1
South Africa,1863,1
South Africa,1864,1
South Africa,1865,1
South Africa,1866,1
South Africa,1867,1
South Africa,1868,1
South Africa,1869,1
South Africa,1870,1
South Africa,1871,1
South Africa,1872,1
South Africa,1873,1
South Africa,1874,1
South Africa,1875,1
South Africa,1876,1
South Africa,1877,1
South Africa,1878,1
South Africa,1879,1
South Africa,1880,1
South Africa,1881,1
South Africa,1882,1
South Africa,1883,1
South Africa,1884,1
South Africa,1885,1
South Africa,1886,1
South Africa,1887,1
South Africa,1888,1
South Africa,1889,1
South Africa,1890,1
South Africa,1891,1
South Africa,1892,1
South Africa,1893,1
South Africa,1894,1
South Africa,1895,1
South Africa,1896,1
South Africa,1897,1
South Africa,1898,1
South Africa,1899,1
South Africa,1900,1
South Africa,1901,1
South Africa,1902,1
South Africa,1903,1
South Africa,1904,1
South Africa,1905,1
South Africa,1906,1
South Africa,1907,1
South Africa,1908,1
South Africa,1909,1
South Africa,1910,1
South Africa,1911,1
South Africa,1912,1
South Africa,1977,1
South Africa,1978,1
South Africa,1979,1
Spain,1800,1
Spain,1801,1
Spain,1802,1
Spain,1803,1
Spain,1804,1
Spain,1805,1
Spain,1806,1
Spain,1807,1
Spain,1808,1
Spain,1809,1
Spain,1810,1
Spain,1811,1
Spain,1812,1
Spain,1813,1
Spain,1814,1
Spain,1815,1
Spain,1816,1
Spain,1817,1
Spain,1818,1
Spain,1819,1
Spain,1820,1
Spain,1821,1
Spain,1822,1
Spain,1823,1
Spain,1824,1
Spain,1825,1
Spain,1826,1
Spain,1827,1
Spain,1828,1
Spain,1829,1
Spain,1830,1
Spain,1831,1
Spain,1832,1
Spain,1833,1
Spain,1834,1
Spain,1835,1
Spain,1836,1
Spain,1837,1
Spain,1838,1
Spain,1839,1
Spain,1840,1
Spain,1841,1
Spain,1842,1
Spain,1843,1
Spain,1844,1
Spain,1845,1
Spain,1846,1
Spain,1847,1
Spain,1848,1
Spain,1849,1
Spain,1936,1
Spain,1937,1
Spain,1938,1
Spain,1939,1
Switzerland,1800,1
Switzerland,1801,1
Switzerland,1802,1
Switzerland,1803,1
Switzerland,1804,1
Switzerland,1805,1
Switzerland,1806,1
Switzerland,1807,1
Switzerland,1808,1
Switzerland,1809,1
Switzerland,1810,1
Switzerland,1811,1
Switzerland,1812,1
Switzerland,1813,1
Switzerland,1814,1
Switzerland,1815,1
Switzerland,1816,1
Switzerland,1817,1
Switzerland,1818,1
Switzerland,1819,1
Switzerland,1820,1
Switzerland,1821,1
Switzerland,1822,1
Switzerland,1823,1
Switzerland,1824,1
Switzerland,1825,1
Switzerland,1826,1
Switzerland,1827,1
Switzerland,1828,1
Switzerland,1829,1
Switzerland,1830,1
Switzerland,1831,1
Switzerland,1832,1
Switzerland,1833,1
Switzerland,1834,1
Switzerland,1835,1
Switzerland,1836,1
Switzerland,1837,1
Switzerland,1838,1
Switzerland,1839,1
Switzerland,1840,1
Switzerland,1841,1
Switzerland,1842,1
Switzerland,1843,1
Switzerland,1844,1
Switzerland,1845,1
Switzerland,1846,1
Switzerland,1847,1
Switzerland,1848,1
Switzerland,1849,1
Switzerland,1850,1
Switzerland,1851,1
Switzerland,1852,1
Switzerland,1853,1
Switzerland,1854,1
Switzerland,1855,1
Switzerland,1856,1
Switzerland,1857,1
Switzerland,1858,1
Switzerland,1859,1
Switzerland,1860,1
Switzerland,1861,1
Switzerland,1862,1
Switzerland,1863,1
Switzerland,1864,1
Switzerland,1865,1
Switzerland,1866,1
Switzerland,1867,1
Switzerland,1868,1
Switzerland,1869,1
Switzerland,1870,1
Switzerland,1871,1
Switzerland,1872,1
Switzerland,1873,1
Switzerland,1874,1
Switzerland,1875,1
Switzerland,1876,1
Switzerland,1877,1
Switzerland,1878,1
Switzerland,1879,1
Switzerland,1880,1
Switzerland,1881,1
Switzerland,1882,1
Switzerland,1883,1
Switzerland,1884,1
Switzerland,1885,1
Switzerland,1886,1
Switzerland,1887,1
Switzerland,1888,1
Switzerland,1889,1
Switzerland,1890,1
Switzerland,1891,1
Switzerland,1892,1
Switzerland,1893,1
Switzerland,1894,1
Switzerland,1895,1
Switzerland,1896,1
Switzerland,1897,1
Switzerland,1898,1
Switzerland,1914,1
Switzerland,1915,1
Switzerland,1916,1
Switzerland,1917,1
Switzerland,1918,1
Switzerland,1919,1
Switzerland,1920,1
Switzerland,1921,1
Switzerland,1922,1
Switzerland,1923,1
Switzerland,1924,1
Switzerland,1925,1
Switzerland,1926,1
Switzerland,1927,1
Switzerland,1928,1
Turkey,1800,1
Turkey,1801,1
Turkey,1802,1
Turkey,1803,1
Turkey,1804,1
Turkey,1805,1
Turkey,1806,1
Turkey,1807,1
Turkey,1808,1
Turkey,1809,1
Turkey,1810,1
Turkey,1811,1
Turkey,1812,1
Turkey,1813,1
Turkey,1814,1
Turkey,1815,1
Turkey,1816,1
Turkey,1817,1
Turkey,1818,1
Turkey,1819,1
Turkey,1820,1
Turkey,1821,1
Turkey,1822,1
Turkey,1823,1
Turkey,1824,1
Turkey,1825,1
Turkey,1826,1
Turkey,1827,1
Turkey,1828,1
Turkey,1829,1
Turkey,1830,1
Turkey,1831,1
Turkey,1832,1
Turkey,1833,1
Turkey,1834,1
Turkey,1835,1
Turkey,1836,1
Turkey,1837,1
Turkey,1838,1
Turkey,1839,1
Turkey,1840,1
Turkey,1841,1
Turkey,1842,1
Turkey,1843,1
Turkey,1844,1
Turkey,1845,1
Turkey,1846,1
Turkey,1847,1
Turkey,1848,1
Turkey,1849,1
Turkey,1850,1
Turkey,1851,1
Turkey,1852,1
Turkey,1853,1
Turkey,1854,1
Turkey,1855,1
Turkey,1856,1
Turkey,1857,1
Turkey,1858,1
Turkey,1859,1
Turkey,1860,1
Turkey,1861,1
Turkey,1862,1
Turkey,1863,1
Turkey,1864,1
Turkey,1865,1
Turkey,1866,1
Turkey,1867,1
Turkey,1868,1
Turkey,1869,1
Turkey,1870,1
Turkey,1871,1
Turkey,1872,1
Turkey,1873,1
Turkey,1874,1
Turkey,1875,1
Turkey,1876,1
Turkey,1877,1
Turkey,1878,1
Turkey,1879,1
Turkey,1880,1
Turkey,1881,1
Turkey,1882,1
Turkey,1883,1
Turkey,1884,1
Turkey,1885,1
Turkey,1886,1
Turkey,1887,1
Turkey,1888,1
Turkey,1889,1
Turkey,1890,1
Turkey,1891,1
Turkey,1892,1
Turkey,1893,1
Turkey,1894,1
Turkey,1895,1
Turkey,1896,1
Turkey,1897,1
Turkey,1898,1
Turkey,1899,1
Turkey,1900,1
Turkey,1901,1
Turkey,1902,1
Turkey,1903,1
Turkey,1904,1
Turkey,1905,1
Turkey,1906,1
Turkey,1907,1
Turkey,1908,1
Turkey,1909,1
Turkey,1910,1
Turkey,1911,1
Turkey,1912,1
Turkey,1913,1
Turkey,1914,1
Turkey,1915,1
Turkey,1916,1
Turkey,1917,1
Turkey,1918,1
Turkey,1919,1
Turkey,1920,1
Turkey,1921,1
Turkey,1922,1
Turkey,1923,1
Turkey,1924,1
Turkey,1925,1
Turkey,1926,1
Turkey,1927,1
Turkey,1928,1
Turkey,1929,1
Turkey,1930,1
Turkey,1931,1
Turkey,1932,1
Turkey,1933,1
Turkey,1934,1
Turkey,1935,1
Turkey,1936,1
Turkey,1937,1
Turkey,1938,1
Turkey,1939,1
Turkey,1940,1
Turkey,1941,1
Turkey,1942,1
Turkey,1943,1
Turkey,1944,1
Turkey,1945,1
Turkey,1946,1
Turkey,1947,1
Turkey,1948,1
Turkey,1949,1
Turkey,1950,1
Turkey,1951,1
Turkey,1952,1
Turkey,1953,1
Turkey,1954,1
Turkey,1955,1
Turkey,1956,1
Turkey,1957,1
Turkey,1958,1
Turkey,1959,1
Turkey,1960,1
Turkey,1961,1
Turkey,1962,1
Turkey,1963,1
Turkey,1964,1
Turkey,1965,1
Turkey,1966,1
Turkey,1967,1
Turkey,1968,1
Turkey,1969,1
United Kingdom,1800,1
United Kingdom,1801,1
United Kingdom,1802,1
United Kingdom,1803,1
United Kingdom,1804,1
United Kingdom,1805,1
United Kingdom,1806,1
United Kingdom,1807,1
United Kingdom,1808,1
United Kingdom,1809,1
United Kingdom,1810,1
United Kingdom,1811,1
United Kingdom,1812,1
United Kingdom,1813,1
United Kingdom,1814,1
United Kingdom,1815,1
United Kingdom,1816,1
United Kingdom,1817,1
United Kingdom,1818,1
United Kingdom,1819,1
United Kingdom,1820,1
United Kingdom,1821,1
United Kingdom,1822,1
United Kingdom,1823,1
United Kingdom,1824,1
United Kingdom,1825,1
United Kingdom,1826,1
United Kingdom,1827,1
United Kingdom,1828,1
United Kingdom,1829,1
